{
  "posts": [
    { "id": 1, "title": "json-server", "author": "typicode" }
  ],
  "comments": [
    { "id": 1, "body": "some comment", "postId": 1 }
  ],
  "profile": { "name": "typicode" },
  "archive": {
    "errno": 0,
    "errmsg": "dd",
    "data": [
      {
        "time": "2017",
        "post_list": [
          {
            "title": "没有Flexbox，但是我们还有table",
            "href": "",
            "time": "2-2"
          },
          {
            "title": "没有Flexbox，但是我们还有table",
            "href": "",
            "time": "2-1"
          }
        ]
      },
      {
        "time": "2016",
        "post_list": [
          {
            "title": "webpack2分包及异步加载套路",
            "href": "",
            "time": "1-29"
          },
          {
            "title": "webpack2分包及异步加载套路",
            "href": "",
            "time": "1-21"
          }
        ]
      }
    ]
  },
  "tags": {
    "errno": 0,
    "errmsg": "xx",
    "data": [
      {
        "text": "Js"
      },
      {
        "text": "html"
      },
      {
        "text": "Node.js"
      },
      {
        "text": "webpack"
      },
      {
        "text": "Css3"
      },
      {
        "text": "网络安全"
      },
      {
        "text": "linux"
      },
      {
        "text": "Promise"
      }
    ]
  },
  "post": {
    "errno": 0,
    "errmsg": "xxx",
    "data": [
      {
        "time": "2017-2-13",
        "title": "webpack2分包及异步加载套路",
        "des": "大家快来围观呀",
        "tags": [
          "JS",
          "HTML"
        ]
      },
      {
        "time": "2017-2-13",
        "title": "webpack2分包及异步加载套路",
        "des": "大家快来围观呀",
        "tags": [
          "JS",
          "HTML"
        ]
      },
      {
        "time": "2017-2-13",
        "title": "webpack2分包及异步加载套路",
        "des": "大家快来围观呀",
        "tags": [
          "JS",
          "HTML"
        ]
      }
    ] 
  }
}